Clave,Institucion,Fecha,Hora_primera_muestra,Magnitud,Escala_magnitud,Calidad,Lat_estacion,Lon_estacion,Lat_epicentro,Lon_epicentro,Suelo,Vs30,Profundidad,PGA_Gal,Distancia_km,Canales,area_integral,Fs_hz,FFT_AmpMax,FFTFreq_AmpMax,FFT_power,FFT_std,FFT_q50,FFT_kurtosis,FFT_skew,Dist_hipocentro,Canal_1,Canal_2,Canal_3,Canal_4,Canal_5,Canal_6,Canal_7,Canal_8,Canal_9,Mw*,date,Filepath,PGA_pred,PGA_log,PGA_predlog
PUVA,INSTITUTO DE INGENIERIA UNAM,16/02/2018 23:39,16/02/2018 23:43,7.2,Mw,A,20.626163,-105.219166,16.218,-98.0135,Roca,625.00989,16.0,0.8069,939.2748248,"['N00E', ' N90E', ' V']",9.626143439,100.0,0.020275137,0.491803279,0.000411081,0.002055691,0.000294731,59.12503781,7.516149092,939.4110903,BHN,BHE,BHZ,-,-,-,-,-,-,7.2,16/02/2018 23:39,C:\Users\huevo\Downloads\Archivos_Acc\PUVA1802-162,1.662040873695915,-0.09318028453345462,0.22064169995490077
CE18,CIRES,16/02/2018 23:39,16/02/2018 23:40,7.2,Mc,A,19.3398,-99.0847,16.21,-98.01,"Arenoso, limoso, compacto",501.85263,16.0,6.591,367.9632836,"['N00E', ' +V', ' N90W']",61.46857789,100.0,0.061824345,0.385015609,0.00382225,0.006892069,0.000437217,34.8384581,5.429378465,368.3109801,BHN,BHZ,BHE,-,-,-,-,-,-,7.322,16/02/2018 23:39,C:\Users\huevo\Downloads\Archivos_Acc\CE1820180216233939,10.739594158613476,0.8189513116401728,1.0309878700036745
RI76,CIRES,16/02/2018 23:39,16/02/2018 23:40,7.2,Mc,A,19.4473,-99.1,16.21,-98.01,Arcilla,206.17137,16.0,24.83931,379.8281188,"['N00E', ' +V', ' N90W']",606.9307606,100.0,0.19420964,0.412449393,0.037717384,0.018495826,0.000344024,70.82395899,8.165744015,380.164964,BHN,BHZ,BHE,-,-,-,-,-,-,7.322,16/02/2018 23:39,C:\Users\huevo\Downloads\Archivos_Acc\RI7620180216233939,28.499957518536693,1.3951395276013792,1.4548442126583752
RM48,CIRES,16/02/2018 23:39,16/02/2018 23:40,7.2,Mc,A,19.4359,-99.128,16.21,-98.01,Arcilla,237.56683,16.0,23.1624,379.6350914,"['N00E', ' +V', ' N90W']",436.6690717,100.0,0.290607476,0.506379585,0.084452705,0.02770026,0.000463914,71.11174197,8.184635681,379.9721077,BHN,BHZ,BHE,-,-,-,-,-,-,7.322,16/02/2018 23:39,C:\Users\huevo\Downloads\Archivos_Acc\RM4820180216233939,25.035449836781098,1.3647835573332383,1.3985553992051356
VHSA,INSTITUTO DE INGENIERIA UNAM,16/02/2018 23:39,16/02/2018 23:41,7.2,Mw,A,17.982551,-92.938748,16.218,-98.0135,Blando,227.67941,16.0,2.6669,597.4257003,"['N90E', ' V', ' N00E']",84.09634033,100.0,0.05205969,0.380952381,0.002710211,0.005109616,0.000770096,63.24973046,7.739057149,597.6399145,BHE,BHZ,BHN,-,-,-,-,-,-,7.2,16/02/2018 23:39,C:\Users\huevo\Downloads\Archivos_Acc\VHSA1802-161,4.742291746330219,0.4260067313770111,0.6759882683102066
CO47,CIRES,16/02/2018 23:39,16/02/2018 23:40,7.2,Mc,A,19.3714,-99.1703,16.21,-98.01,Terreno estratificado,281.39624,16.0,13.25806,374.4603017,"['S00E', ' +V', ' N90W']",149.0345324,100.0,0.071100535,0.54192229,0.005055286,0.010601375,0.000458537,18.59546169,4.352253571,374.8019711,BHN,BHZ,BHE,-,-,-,-,-,-,7.322,16/02/2018 23:39,C:\Users\huevo\Downloads\Archivos_Acc\CO4720180216233939,16.46943459105223,1.1224799801069114,1.2166786897464987
PA34,CIRES,16/02/2018 23:39,16/02/2018 23:40,7.2,Mc,A,19.2016,-99.0491,16.21,-98.01,"Arenoso, limoso, compacto",498.52213,16.0,10.82115,352.145735,"['N00E', ' +V', ' N90W']",124.7474353,100.0,0.05735791,0.515337423,0.00328993,0.007609037,0.000356565,24.97676906,4.879544197,352.5090334,BHN,BHZ,BHE,-,-,-,-,-,-,7.322,16/02/2018 23:39,C:\Users\huevo\Downloads\Archivos_Acc\PA3420180216233939,12.444732457233387,1.0342734171582342,1.0949855643760156
CE23,CIRES,16/02/2018 23:39,16/02/2018 23:40,7.2,Mc,A,19.4619,-99.0642,16.21,-98.01,"Terreno blando, material compresible",234.37749,16.0,17.37208,380.1206515,"['S00E', ' +V', ' N90W']",415.9724135,100.0,0.084937861,0.363821829,0.00721444,0.00817181,0.000154617,71.0838748,8.220531146,380.4572376,BHN,BHZ,BHE,-,-,-,-,-,-,7.322,16/02/2018 23:39,C:\Users\huevo\Downloads\Archivos_Acc\CE2320180216233939,24.34762963021602,1.239851820660175,1.3864566867569672
LV17,"CIRES, A. C.",16/02/2018 23:39,16/02/2018 17:38,7.2,Mc,A,19.4931,-99.1275,16.21,-98.01,"Terreno blando, material compresible",180.0,16.0,31.38514,385.6324657,"['N00E', ' +V', ' N90W']",474.0505897,100.0,0.215281288,0.726812342,0.046346033,0.022033929,0.000284645,55.41719151,7.211104892,385.9642452,BHN,BHZ,BHE,-,-,-,-,-,-,7.322,16/02/2018 23:39,C:\Users\huevo\Downloads\Archivos_Acc\LV1720180216233939,29.10949177930908,1.49672407025268,1.4640346231863755
CJ03,"CIRES, A. C.",16/02/2018 23:39,16/02/2018 17:39,7.2,Mc,A,19.4097,-99.1567,16.21,-98.01,"Terreno blando, material compresible",230.02853,16.0,25.25804,377.9482817,"['N00E', ' +V', ' N90W']",430.0058545,100.0,0.300044026,0.592376043,0.090026417,0.029998682,0.000139143,57.17067011,7.256620806,378.2868008,BHN,BHZ,BHE,-,-,-,-,-,-,7.322,16/02/2018 23:39,C:\Users\huevo\Downloads\Archivos_Acc\CJ0320180216233939,27.212916219251582,1.402399646686038,1.4347750845973124
TL55,CIRES,16/02/2018 23:39,16/02/2018 23:40,7.2,Mc,A,19.4536,-99.1425,16.21,-98.01,"Terreno blando, material compresible",202.45233,16.0,23.27666,382.0237127,"['S00E', ' +V', ' N90W']",361.7682853,100.0,0.175315105,0.659128516,0.030735386,0.018059797,0.000199875,54.44905033,7.113646824,382.3586237,BHN,BHZ,BHE,-,-,-,-,-,-,7.322,16/02/2018 23:39,C:\Users\huevo\Downloads\Archivos_Acc\TL5520180216233939,28.934234422162397,1.3669206629351178,1.4614119957498866
S160,"CIRES, A. C.",16/02/2018 23:39,16/02/2018 00:00,7.2,Mc,A,19.393,-99.147,16.21,-98.01,Alto riesgo sismico,232.70119,16.0,32.18543,375.8365141,"['N00E', ' +V', ' N90W']",588.3256734,200.0,0.196410584,0.714285714,0.038577118,0.019222539,0.000457186,70.27023485,8.212132291,376.1769336,BHN,BHZ,BHE,-,-,-,-,-,-,7.322,16/02/2018 23:39,C:\Users\huevo\Downloads\Archivos_Acc\S16020180216233939,25.5155279882557,1.5076593157138536,1.406804559539247
PZPU,INSTITUTO DE INGENIERIA UNAM,16/02/2018 23:39,39:42.3,7.2,Mw,A,19.055379,-98.227092,16.218,-98.0135,Roca,354.87314,16.0,17.9032,316.3948235,"['V', ' N00E', ' N90E']",204.190878,200.0,0.125345587,1.186956522,0.015711516,0.014800703,0.000134158,43.07536733,6.466012159,316.799123,BHZ,BHN,BHE,-,-,-,-,-,-,7.2,16/02/2018 23:39,C:\Users\huevo\Downloads\Archivos_Acc\PZPU1802-161,12.407115788081946,1.2529306632778883,1.0936708352536475
LI58,CIRES,16/02/2018 23:39,16/02/2018 23:39,7.2,Mc,A,19.4263,-99.1569,16.21,-98.01,Alto riesgo sismico,236.25122,16.0,23.51986,379.6938818,"['N00E', ' +V', ' N90W']",468.0298827,100.0,0.230951177,0.551020408,0.053338446,0.022567341,0.000221307,62.8418649,7.620249839,380.0308459,BHN,BHZ,BHE,-,-,-,-,-,-,7.322,16/02/2018 23:39,C:\Users\huevo\Downloads\Archivos_Acc\LI5820180216233939,25.905506570967663,1.3714347323102054,1.413392089146781
AE02,CIRES,16/02/2018 23:39,16/02/2018 23:40,7.2,Mc,A,19.429,-99.0584,16.21,-98.01,Arcilla,180.0,16.0,29.90206,376.4421009,"['N00E', ' +V', ' N90W']",544.8525927,100.0,0.197683022,0.449522853,0.039078577,0.020426633,0.000464195,49.99605955,6.825913831,376.7819732,BHN,BHZ,BHE,-,-,-,-,-,-,7.322,16/02/2018 23:39,C:\Users\huevo\Downloads\Archivos_Acc\AE0220180216233939,29.402944521724162,1.4757011085858078,1.4683908244768888
CA59,CIRES,16/02/2018 23:39,16/02/2018 23:40,7.2,Mc,A,19.4258,-99.1183,16.21,-98.01,"Terreno blando, material compresible",204.38908,16.0,26.52653,378.2213074,"['S00E', ' +V', ' N90W']",643.8912105,100.0,0.15064049,0.456649832,0.022692557,0.014995609,0.00025925,61.29757562,7.530741589,378.5595823,BHN,BHZ,BHE,-,-,-,-,-,-,7.322,16/02/2018 23:39,C:\Users\huevo\Downloads\Archivos_Acc\CA5920180216233939,29.201611579029446,1.4236804425788163,1.465406819960961
RFPP,"BENEMERITA UNIVERSIDAD AUTONOMA DE PUEBLA, FACULTAD",16/02/2018 23:39,16/02/2018 23:40,7.2,Mw,B,19.043493,-98.191493,16.218,-98.0135,Estructura,285.66913,16.0,15.7925,314.8032675,"['V', ' N90E', ' N00E']",187.5279022,100.0,0.275015907,1.3950539,0.075633749,0.041741336,0.00177537,21.98306312,4.662851322,315.2096084,BHZ,BHE,BHN,-,-,-,-,-,-,7.2,16/02/2018 23:39,C:\Users\huevo\Downloads\Archivos_Acc\RFPP1802-161,18.5749296681931,1.1984508855664056,1.2689271780302729
COYC,INSTITUTO DE INGENIERIA UNAM,16/02/2018 23:39,16/02/2018 23:39,7.2,Mw,A,16.997788,-100.089963,16.218,-98.0135,Roca,196.53853,16.0,7.6826,246.6364599,"['N90E', ' V', ' N00E']",53.87074111,100.0,0.068131244,0.710691824,0.004641866,0.010197706,0.000297813,13.38863579,3.402728245,247.1548975,BHE,BHZ,BHN,-,-,-,-,-,-,7.2,16/02/2018 23:39,C:\Users\huevo\Downloads\Archivos_Acc\COYC1802-161,21.500510568880287,0.88550822192751,1.332448773153491
TL08,CIRES,16/02/2018 23:39,16/02/2018 23:40,7.2,Mc,A,19.45,-99.1336,16.21,-98.01,Arcilla,216.18156,16.0,25.82362,381.3204107,"['N00E', ' +V', ' N90W']",451.2720754,100.0,0.231456949,0.56825015,0.053572319,0.022187102,0.00039423,66.31316781,7.852388934,381.6559388,BHN,BHZ,BHE,-,-,-,-,-,-,7.322,16/02/2018 23:39,C:\Users\huevo\Downloads\Archivos_Acc\TL0820180216233939,28.905502968431705,1.4120171223543463,1.4609805306913801
PD42,CIRES,16/02/2018 23:39,16/02/2018 23:40,7.2,Mc,A,19.4055,-99.0997,16.21,-98.01,Arcilla,180.0,16.0,25.75144,375.4153195,"['N00E', ' +V', ' N90W']",966.9954147,100.0,0.341525411,0.351449275,0.116639607,0.03268332,0.000464877,68.61049991,8.011315458,375.7561205,BHN,BHZ,BHE,-,-,-,-,-,-,7.322,16/02/2018 23:39,C:\Users\huevo\Downloads\Archivos_Acc\PD4220180216233939,29.362002035769386,1.4108015194575254,1.4677856644403617
LMPP,INSTITUTO DE INGENIERIA UNAM,16/02/2018 23:39,16/02/2018 23:39,7.2,Mw,A,19.00147,-98.18227,16.218,-98.0135,Roca,364.29205,16.0,4.4766,310.0761489,"['N90E', ' V', ' N00E']",38.56955171,200.0,0.024758761,0.931034483,0.000612996,0.003002289,2.18e-05,36.12448299,5.868690582,310.4886763,BHE,BHZ,BHN,-,-,-,-,-,-,7.2,16/02/2018 23:39,C:\Users\huevo\Downloads\Archivos_Acc\LMPP1802-161,10.331938776808515,0.6509482903732421,1.0141818240428007
PE10,CIRES,16/02/2018 23:39,16/02/2018 23:39,7.2,Mc,A,19.3809,-99.1318,16.21,-98.01,Arcilla,187.58604,16.0,26.64595,374.0026426,"['N00E', ' +V', ' N90W']",533.7463874,100.0,0.274046578,0.548112058,0.075101527,0.027295774,0.000506664,56.83140765,7.164208267,374.3447297,BHN,BHZ,BHE,-,-,-,-,-,-,7.322,16/02/2018 23:39,C:\Users\huevo\Downloads\Archivos_Acc\PE1020180216233939,29.824802390601317,1.4256312086228278,1.4745775748585328
RABO,INSTITUTO DE INGENIERIA UNAM,16/02/2018 23:39,16/02/2018 23:39,7.2,Mw,A,18.569078,-98.445409,16.218,-98.0135,Roca,253.38008,16.0,14.1427,265.8026999,"['N90E', ' V', ' N00E']",89.36104067,200.0,0.040151714,1.186885246,0.00161216,0.005026634,2.21e-05,29.36452471,5.203820795,266.2838247,BHE,BHZ,BHN,-,-,-,-,-,-,7.2,16/02/2018 23:39,C:\Users\huevo\Downloads\Archivos_Acc\RABO1802-162,18.603098015566093,1.1505323290622411,1.2695852742732119
OZST,INSTITUTO DE INGENIERIA UNAM,16/02/2018 23:39,16/02/2018 23:39,7.2,Mw,A,18.860758,-97.094119,16.218,-98.0135,Blando,609.1994,16.0,23.5609,311.1358668,"['V', ' N00E', ' N90E']",266.934417,100.0,0.184570538,0.913207547,0.034066284,0.020394956,0.001258798,40.66214508,6.030904207,311.546991,BHZ,BHN,BHE,-,-,-,-,-,-,7.2,16/02/2018 23:39,C:\Users\huevo\Downloads\Archivos_Acc\OZST1802-161,26.618753597633177,1.3721918759948737,1.4251877161144997
CH84,CIRES,16/02/2018 23:39,16/02/2018 23:40,7.2,Mc,A,19.33,-99.1254,16.21,-98.01,Alto riesgo sismico,211.58063,16.0,37.29969,368.4315496,"['N00E', ' +V', ' N90W']",382.5108879,100.0,0.477647587,0.727777778,0.228147218,0.04565536,0.000542955,72.82567029,8.351652998,368.7788046,BHN,BHZ,BHE,-,-,-,-,-,-,7.322,16/02/2018 23:39,C:\Users\huevo\Downloads\Archivos_Acc\CH8420180216233939,36.694667279281624,1.5717052223757424,1.5646029541850655
CJ04,"CIRES, A. C.",16/02/2018 23:39,16/02/2018 17:38,7.2,Mc,A,19.4098,-99.1566,16.21,-98.01,Alto riesgo sismico,230.02853,16.0,24.44159,377.9549982,"['N00E', ' +V', ' N90W']",435.5487755,100.0,0.144981654,0.589324802,0.02101968,0.014566191,0.00030669,56.0678639,7.185330227,378.2935113,BHN,BHZ,BHE,-,-,-,-,-,-,7.322,16/02/2018 23:39,C:\Users\huevo\Downloads\Archivos_Acc\CJ0420180216233939,26.885880100378603,1.388129454670568,1.4295242575318254
THEZ,INSTITUTO DE INGENIERIA UNAM,16/02/2018 23:39,16/02/2018 23:39,7.2,Mw,A,18.477554,-97.383184,16.218,-98.0135,Roca,464.60016,16.0,26.7701,260.8435436,"['V', ' N00E', ' N90E']",244.431237,100.0,0.191281855,2.200934579,0.036588748,0.029558866,0.000339582,15.24891924,3.840563963,261.3337985,BHZ,BHN,BHE,-,-,-,-,-,-,7.2,16/02/2018 23:39,C:\Users\huevo\Downloads\Archivos_Acc\THEZ1802-161,17.801116597105754,1.4276499935017282,1.2504472448230648
PHPU,INSTITUTO DE INGENIERIA UNAM,16/02/2018 23:39,16/02/2018 23:39,7.2,Mw,A,19.044223,-98.168466,16.218,-98.0135,Suelo,336.14273,16.0,23.9722,314.7337153,"['N90E', ' V', ' N00E']",200.3544522,100.0,0.125260351,1.530364372,0.015690156,0.019495685,0.000446394,18.45671897,4.329247623,315.1401459,BHE,BHZ,BHN,-,-,-,-,-,-,7.2,16/02/2018 23:39,C:\Users\huevo\Downloads\Archivos_Acc\PHPU1802-161,20.70927694505584,1.3797078923572543,1.3161649359647125
CDGU,INSTITUTO DE INGENIERIA UNAM,16/02/2018 23:39,16/02/2018 23:42,7.2,Mw,A,19.699521,-103.447815,16.218,-98.0135,Roca,622.10376,16.0,1.0366,717.64044,"['N00E', ' N90E', ' V']",12.60655396,200.0,0.018145538,0.685950413,0.000329261,0.001738636,9.45e-05,69.0695126,8.132759089,717.8187802,BHN,BHE,BHZ,-,-,-,-,-,-,7.2,16/02/2018 23:39,C:\Users\huevo\Downloads\Archivos_Acc\CDGU1802-161,2.3071193508254844,0.015611204503512367,0.3630700618224305
PET2,INSTITUTO DE INGENIERIA UNAM,16/02/2018 23:39,16/02/2018 23:40,7.2,Mw,A,17.535396,-101.262608,16.218,-98.0135,Roca,329.83124,16.0,2.4049,389.8525665,"['N90E', ' V', ' N00E']",20.93233972,100.0,0.035318744,0.71969697,0.001247414,0.004685952,8.64e-05,27.7136479,5.101302077,390.1807576,BHE,BHZ,BHN,-,-,-,-,-,-,7.2,16/02/2018 23:39,C:\Users\huevo\Downloads\Archivos_Acc\PET21802-161,6.344466722346823,0.3810970223517988,0.8023951237868693
TP13,"CIRES, A. C.",16/02/2018 23:39,16/02/2018 17:39,7.2,Mc,A,19.2922,-99.1708,16.21,-98.01,"Terreno firme, materiales compactos",366.55466,16.0,8.26014,366.2250674,"['N00E', ' +V', ' N90W']",96.43607963,100.0,0.052560333,0.546216871,0.002762589,0.00730663,0.000137584,22.32771428,4.664672711,366.5744126,BHN,BHZ,BHE,-,-,-,-,-,-,7.322,16/02/2018 23:39,C:\Users\huevo\Downloads\Archivos_Acc\TP1320180216233939,11.06716201819018,0.9169874081814243,1.0440362678655872
ACP2,INSTITUTO DE INGENIERIA UNAM,16/02/2018 23:39,16/02/2018 23:39,7.2,Mw,A,16.874294,-99.886505,16.218,-98.0135,Roca,900.0,16.0,18.0132,220.6839602,"['N00E', ' N90E', ' V']",95.57018359,100.0,0.08427761,3.847715736,0.007102716,0.01321392,0.000497764,9.89984847,3.091853606,221.2632149,BHN,BHE,BHZ,-,-,-,-,-,-,7.2,16/02/2018 23:39,C:\Users\huevo\Downloads\Archivos_Acc\ACP21802-161,26.210178156098692,1.2555908710034673,1.4184699729476542
ACAZ,INSTITUTO DE INGENIERIA UNAM,16/02/2018 23:39,16/02/2018 23:39,7.2,Mw,A,16.788528,-99.790152,16.218,-98.0135,Deposito barra,220.0274,16.0,28.9972,207.4908799,"['N00E', ' N90E', ' V']",282.4855015,200.0,0.223388918,1.005555556,0.049902608,0.025196295,0.000508113,34.44509685,5.443368358,208.1068601,BHN,BHE,BHZ,-,-,-,-,-,-,7.2,16/02/2018 23:39,C:\Users\huevo\Downloads\Archivos_Acc\ACAZ1802-161,32.56696911712172,1.4623560639935167,1.5127773423242
OXJM,INSTITUTO DE INGENIERIA UNAM,16/02/2018 23:39,16/02/2018 23:39,7.2,Mw,A,16.445191,-95.444705,16.218,-98.0135,Roca,384.52698,16.0,15.1216,286.7519343,"['N90E', ' V', ' N00E']",126.8220949,200.0,0.110677454,1.089385475,0.012249499,0.014319116,4.64e-05,29.18567316,5.188615193,287.1979662,BHE,BHZ,BHN,-,-,-,-,-,-,7.2,16/02/2018 23:39,C:\Users\huevo\Downloads\Archivos_Acc\OXJM1802-162,11.619552045745381,1.1795977458217994,1.065189385557678
EX12,"CIRES, A. C.",16/02/2018 23:39,16/02/2018 17:37,7.2,Mc,A,19.4236,-99.1602,16.21,-98.01,Alto riesgo sismico,236.25122,16.0,29.93218,379.534606,"['N00E', ' +V', ' N90W']",470.6212219,100.0,0.166400563,0.542822678,0.027689147,0.017052055,0.000330882,54.07782599,7.021155446,379.8717115,BHN,BHZ,BHE,-,-,-,-,-,-,7.322,16/02/2018 23:39,C:\Users\huevo\Downloads\Archivos_Acc\EX1220180216233939,26.81215148376012,1.4761383482298591,1.4283316644131427
NITA,INSTITUTO DE INGENIERIA UNAM,16/02/2018 23:39,16/02/2018 23:41,7.2,Mw,A,19.020738,-102.085089,16.218,-98.0135,Roca,531.96918,16.0,4.2057,549.6357125,"['N00E', ' N90E', ' V']",46.02856972,200.0,0.063752591,1.0,0.004064393,0.006969712,0.000148918,49.2201799,6.840388537,549.8685448,BHN,BHE,BHZ,-,-,-,-,-,-,7.2,16/02/2018 23:39,C:\Users\huevo\Downloads\Archivos_Acc\NITA1802-161,2.6965002200014174,0.6238382904636383,0.4308004600572974
OXCU,INSTITUTO DE INGENIERIA UNAM,16/02/2018 23:39,16/02/2018 23:39,7.2,Mw,A,17.048881,-96.713269,16.218,-98.0135,Arcilla,273.39093,16.0,101.4448,171.5779105,"['N90E', ' V', ' N00E']",555.0705426,200.0,0.437288251,2.309734513,0.191221015,0.048865069,7.29e-05,39.07028297,5.858058208,172.3223124,BHE,BHZ,BHN,-,-,-,-,-,-,7.2,16/02/2018 23:39,C:\Users\huevo\Downloads\Archivos_Acc\OXCU1802-161,85.27418329216157,2.0062297902635464,1.930817568672738
COPL,INSTITUTO DE INGENIERIA UNAM,16/02/2018 23:39,16/02/2018 23:39,7.2,Mw,A,16.61081,-98.98399,16.218,-98.0135,Roca,288.94928,16.0,27.9829,116.417983,"['N90E', ' V', ' N00E']",132.168391,200.0,0.081004972,0.93495935,0.006561806,0.011278125,0.000160209,17.31523097,3.975122561,117.512326,BHE,BHZ,BHN,-,-,-,-,-,-,7.2,16/02/2018 23:39,C:\Users\huevo\Downloads\Archivos_Acc\COPL1802-162,80.84639173964285,1.446892720475097,1.9076606416508137
CHFL,INSTITUTO DE INGENIERIA UNAM,16/02/2018 23:39,16/02/2018 23:39,7.2,Mw,A,17.969493,-97.865638,16.218,-98.0135,Roca,494.87073,16.0,13.6273,195.4499028,"['N90E', ' V', ' N00E']",79.27836529,200.0,0.038132049,0.979094077,0.001454053,0.004686075,7.73e-05,30.12015956,5.182470289,196.1037085,BHE,BHZ,BHN,-,-,-,-,-,-,7.2,16/02/2018 23:39,C:\Users\huevo\Downloads\Archivos_Acc\CHFL1802-161,17.741275295342067,1.134409816857594,1.2489848349896793
NUX2,INSTITUTO DE INGENIERIA UNAM,16/02/2018 23:39,16/02/2018 23:40,7.2,Mw,A,17.216711,-100.79117,16.218,-98.0135,Roca,392.71118,16.0,2.8343,328.2204935,"['N90E', ' V', ' N00E']",23.94811048,200.0,0.034554203,0.909836066,0.001193993,0.004116142,6.16e-05,35.11677445,5.76760394,328.6102439,BHE,BHZ,BHN,-,-,-,-,-,-,7.2,16/02/2018 23:39,C:\Users\huevo\Downloads\Archivos_Acc\NUX21802-161,9.472114982558084,0.4524458167826702,0.9764469613369738
GA62,CIRES,16/02/2018 23:39,16/02/2018 23:40,7.2,Mc,A,19.4385,-99.1401,16.21,-98.01,Arcilla,218.52458,16.0,26.32119,380.3506641,"['N00E', ' +V', ' N90W']",582.1380876,100.0,0.26232447,0.550561798,0.068814128,0.025313627,0.000567942,69.79769807,8.116613243,380.6870469,BHN,BHZ,BHE,-,-,-,-,-,-,7.322,16/02/2018 23:39,C:\Users\huevo\Downloads\Archivos_Acc\GA6220180216233939,28.610941996530425,1.420305520152807,1.4565321569020933
OXBJ,INSTITUTO DE INGENIERIA UNAM,16/02/2018 23:39,16/02/2018 23:39,7.2,Mw,A,17.067337,-96.723804,16.218,-98.0135,Roca,451.50266,16.0,27.1819,171.7120822,"['N90E', ' V', ' N00E']",127.9097914,100.0,0.110559012,1.031111111,0.012223295,0.015442677,0.003126636,16.41880072,3.695719027,172.455905,BHE,BHZ,BHN,-,-,-,-,-,-,7.2,16/02/2018 23:39,C:\Users\huevo\Downloads\Archivos_Acc\OXBJ1802-161,35.18043649954103,1.4342798104051526,1.546301223642363
NZ31,"CIRES, A. C.",16/02/2018 23:39,16/02/2018 17:39,7.2,Mc,A,19.4167,-99.0247,16.21,-98.01,"Terreno blando, material compresible",202.45175,16.0,28.49637,373.99436,"['N00E', ' +V', ' N90W']",681.8773027,100.0,0.35697821,0.396199561,0.127433443,0.035635011,0.000138945,56.27628779,7.253453545,374.3364547,BHN,BHZ,BHE,-,-,-,-,-,-,7.322,16/02/2018 23:39,C:\Users\huevo\Downloads\Archivos_Acc\NZ3120180216233939,29.5120473058504,1.4547895410830614,1.4699993383644954
OXAL,INSTITUTO DE INGENIERIA UNAM,16/02/2018 23:39,16/02/2018 23:39,7.2,Mw,A,17.06148,-96.726042,16.218,-98.0135,Suelo,375.33044,16.0,37.3444,171.1465333,"['N90E', ' V', ' N00E']",237.8942813,200.0,0.130268925,6.876344086,0.016969993,0.026543101,0.000639391,5.86303325,2.637553765,171.8928034,BHE,BHZ,BHN,-,-,-,-,-,-,7.2,16/02/2018 23:39,C:\Users\huevo\Downloads\Archivos_Acc\OXAL1802-161,50.56969128680096,1.572225486166433,1.7038903023996383
OAXM,INSTITUTO DE INGENIERIA UNAM,16/02/2018 23:39,16/02/2018 23:39,7.2,Mw,B,17.082872,-96.718744,16.218,-98.0135,Aluvial,424.53152,16.0,85.821,173.1357729,"['N00E', ' N90E', ' V']",445.3941756,200.0,0.296795277,3.648148148,0.088087436,0.044016665,0.000865697,19.11098598,4.243481903,173.8735054,BHN,BHE,BHZ,-,-,-,-,-,-,7.2,16/02/2018 23:39,C:\Users\huevo\Downloads\Archivos_Acc\OAXM1802-161,66.77667150462615,1.933593570694808,1.8246247677701626
UI21,"CIRES, A. C.",16/02/2018 23:39,16/02/2018 17:39,7.2,Mc,A,19.37,-99.2642,16.21,-98.01,"Terreno firme, materiales compactos",493.57742,16.0,12.33005,378.0401431,"['N00E', ' +V', ' N90W']",126.2368113,100.0,0.059998481,1.042427972,0.003599818,0.010365687,0.000135777,16.72840822,4.167504449,378.37858,BHN,BHZ,BHE,-,-,-,-,-,-,7.322,16/02/2018 23:39,C:\Users\huevo\Downloads\Archivos_Acc\UI2120180216233939,11.15087717372674,1.0909648377214467,1.047309032112896
OCLL,INSTITUTO DE INGENIERIA UNAM,16/02/2018 23:39,16/02/2018 23:40,7.2,Mw,A,17.036585,-99.878515,16.218,-98.0135,Roca,483.76218,16.0,10.4665,226.4765874,"['N90E', ' V', ' N00E']",59.8840641,200.0,0.075063087,1.0,0.005634467,0.011179243,9.59e-05,21.60294049,4.603406018,227.0410637,BHE,BHZ,BHN,-,-,-,-,-,-,7.2,16/02/2018 23:39,C:\Users\huevo\Downloads\Archivos_Acc\OCLL1802-161,22.94126194679551,1.0198014777812643,1.3606173037769227
OXAE,INSTITUTO DE INGENIERIA UNAM,16/02/2018 23:39,16/02/2018 23:39,7.2,Mw,A,17.001551,-96.721608,16.218,-98.0135,Blando,242.76225,16.0,99.4407,168.0087668,"['N00E', ' N90E', ' V']",567.7079314,200.0,0.401025447,1.264,0.160821409,0.039463421,0.000290913,60.12449276,7.347540748,168.7689122,BHN,BHE,BHZ,-,-,-,-,-,-,7.2,16/02/2018 23:39,C:\Users\huevo\Downloads\Archivos_Acc\OXAE1802-161,86.41154342801586,1.9975641728044182,1.9365717622962915
UC44,CIRES,16/02/2018 23:39,16/02/2018 23:40,7.2,Mc,A,19.4337,-99.1654,16.21,-98.01,Alto riesgo sismico,245.22865,16.0,30.06398,380.7868715,"['N00E', ' +V', ' N90W']",355.3047659,100.0,0.315973226,0.759599332,0.099839079,0.032147051,0.000409158,53.39237506,6.932006393,381.1228693,BHN,BHZ,BHE,-,-,-,-,-,-,7.322,16/02/2018 23:39,C:\Users\huevo\Downloads\Archivos_Acc\UC4420180216233939,25.256253256205458,1.478046473843048,1.4023689237788826
CE32,CIRES,16/02/2018 23:39,16/02/2018 23:40,7.2,Mc,A,19.3858,-99.0537,16.21,-98.01,Arcilla,226.63608,16.0,24.13896,371.7140989,"['N00E', ' +V', ' N90W']",392.8723911,100.0,0.171093146,0.423105224,0.029272865,0.017291789,0.000634096,61.06257547,7.561014046,372.0582902,BHN,BHZ,BHE,-,-,-,-,-,-,7.322,16/02/2018 23:39,C:\Users\huevo\Downloads\Archivos_Acc\CE3220180216233939,35.626674861396936,1.382718555074056,1.551775290306804
NZ20,CIRES,16/02/2018 23:39,16/02/2018 23:40,7.2,Mc,A,19.4027,-99.0,16.21,-98.01,Arcilla,210.29718,16.0,31.55247,371.6877863,"['N00E', ' +V', ' N90W']",529.6547172,100.0,0.229954087,0.474910394,0.052878882,0.024177821,0.000454108,49.04983101,6.775678558,372.032002,BHN,BHZ,BHE,-,-,-,-,-,-,7.322,16/02/2018 23:39,C:\Users\huevo\Downloads\Archivos_Acc\NZ2020180216233939,33.933367825447164,1.499033362482917,1.530626964726866
NILT,INSTITUTO DE INGENIERIA UNAM,16/02/2018 23:39,16/02/2018 23:40,7.2,Mw,A,16.565153,-94.616947,16.218,-98.0135,Roca,324.77359,16.0,4.8014,379.6470225,"['N90E', ' V', ' N00E']",42.64296489,100.0,0.036801605,0.436464088,0.001354358,0.005723084,0.000289159,11.88077251,3.254171966,379.9840282,BHE,BHZ,BHN,-,-,-,-,-,-,7.2,16/02/2018 23:39,C:\Users\huevo\Downloads\Archivos_Acc\NILT1802-162,6.691190138769123,0.6813678881304717,0.8255033710907536
MY19,CIRES,16/02/2018 23:39,16/02/2018 23:40,7.2,Mc,A,19.3461,-99.0433,16.21,-98.01,"Terreno blando, material compresible",226.7218,16.0,35.57327,367.1593837,"['S00E', ' +V', ' N90W']",520.757304,100.0,0.115331418,0.425225225,0.013301336,0.011024861,0.000342176,68.76936056,8.00667589,367.5078408,BHN,BHZ,BHE,-,-,-,-,-,-,7.322,16/02/2018 23:39,C:\Users\huevo\Downloads\Archivos_Acc\MY1920180216233939,37.92881883671822,1.5511237886516773,1.57896931829776
MT50,CIRES,16/02/2018 23:39,16/02/2018 23:40,7.2,Mc,A,19.4253,-99.19,16.21,-98.01,"Arenoso, limoso, compacto",313.69501,16.0,10.59412,380.8414705,"['N00E', ' +V', ' N90W']",171.2955242,100.0,0.094552033,1.67768595,0.008940087,0.015251299,0.000394635,17.63053606,4.253496337,381.1774202,BHN,BHZ,BHE,-,-,-,-,-,-,7.322,16/02/2018 23:39,C:\Users\huevo\Downloads\Archivos_Acc\MT5020180216233939,14.978945134661222,1.0250648878975468,1.1754812300305624
ES57,CIRES,16/02/2018 23:39,16/02/2018 23:40,7.2,Mc,A,19.4017,-99.1775,16.21,-98.01,Terreno estratificado,291.12793,16.0,17.86434,377.8992752,"['S00E', ' +V', ' N90W']",240.995414,100.0,0.175167377,1.206487342,0.03068361,0.021298994,0.000413376,38.05248632,6.065035762,378.2378381,BHN,BHZ,BHE,-,-,-,-,-,-,7.322,16/02/2018 23:39,C:\Users\huevo\Downloads\Archivos_Acc\ES5720180216233939,17.4662263319368,1.2519869757775934,1.242199083560595
CI05,"CIRES, A. C.",16/02/2018 23:39,16/02/2018 17:39,7.2,Mc,A,19.4186,-99.1653,16.21,-98.01,"Terreno blando, material compresible",240.32341,16.0,29.8073,379.2029364,"['N00E', ' +V', ' N90W']",483.7295574,100.0,0.327858657,0.588529446,0.107491299,0.033848975,0.000138278,51.64192357,6.872859006,379.5403364,BHN,BHZ,BHE,-,-,-,-,-,-,7.322,16/02/2018 23:39,C:\Users\huevo\Downloads\Archivos_Acc\CI0520180216233939,26.385774589765564,1.474322638622116,1.42136984799668
ME52,CIRES,16/02/2018 23:39,16/02/2018 23:40,7.2,Mc,A,19.4383,-99.182,16.21,-98.01,Transicion,277.33841,16.0,18.15088,381.8943539,"['N00E', ' +V', ' N90W']",210.0527224,100.0,0.206937149,1.270242915,0.042822984,0.025356123,0.000577005,34.12142954,5.679819015,382.2293782,BHN,BHZ,BHE,-,-,-,-,-,-,7.322,16/02/2018 23:39,C:\Users\huevo\Downloads\Archivos_Acc\ME5220180216233939,17.83578992464782,1.2588976855638352,1.251292348455349
MI15,CIRES,16/02/2018 23:39,16/02/2018 23:40,7.2,Mc,A,19.2834,-99.1253,16.21,-98.01,"Terreno blando, material compresible",249.7728,16.0,34.22226,363.5526846,"['S00E', ' +V', ' N90W']",436.6774675,100.0,0.433711618,0.76417004,0.188105767,0.044015737,0.000414756,59.50144531,7.457876109,363.9045953,BHN,BHZ,BHE,-,-,-,-,-,-,7.322,16/02/2018 23:39,C:\Users\huevo\Downloads\Archivos_Acc\MI1520180216233939,39.32600144932174,1.5343086864768414,1.5946797908853194
OXXO,INSTITUTO DE INGENIERIA UNAM,16/02/2018 23:39,16/02/2018 23:39,7.2,Mw,A,17.026234,-96.726179,16.218,-98.0135,No clasificado,254.89703,16.0,78.2801,169.0176612,"['N00E', ' N90E', ' V']",456.8905591,200.0,0.241850404,2.359183673,0.058491618,0.0369088,0.000459783,17.88447619,4.067581481,169.7732894,BHN,BHE,BHZ,-,-,-,-,-,-,7.2,16/02/2018 23:39,C:\Users\huevo\Downloads\Archivos_Acc\OXXO1802-164,89.22568904325396,1.8936513717818304,1.9504899104694187
ACAM,INSTITUTO DE INGENIERIA UNAM,16/02/2018 23:39,16/02/2018 23:41,7.2,Mw,A,20.043186,-100.716777,16.218,-98.0135,Roca,365.82617,16.0,2.441,520.8358283,"['N00E', ' N90E', ' V']",31.71297755,100.0,0.025564048,0.472803347,0.000653521,0.002714213,5.65e-05,49.12685122,6.769038345,521.0815292,BHN,BHE,BHZ,-,-,-,-,-,-,7.2,16/02/2018 23:39,C:\Users\huevo\Downloads\Archivos_Acc\ACAM1802-161,3.548841110177503,0.38756777941718856,0.5500865554146894
GR27,"CIRES, A. C.",16/02/2018 23:39,16/02/2018 17:39,7.2,Mc,A,19.4747,-99.1797,16.21,-98.01,Terreno estratificado,256.54367,16.0,17.89622,385.6150285,"['N00E', ' +V', ' N90W']",265.4277843,100.0,0.194593413,1.223218064,0.037866596,0.021567506,0.000139543,45.15247237,6.516406469,385.946823,BHN,BHZ,BHE,-,-,-,-,-,-,7.322,16/02/2018 23:39,C:\Users\huevo\Downloads\Archivos_Acc\GR2720180216233939,22.90083413853365,1.2527613099463486,1.3598513013427145
TNLP,INSTITUTO DE INGENIERIA UNAM,16/02/2018 23:39,40:01.0,7.2,Mw,A,18.095563,-99.560805,16.218,-98.0135,Roca,429.57571,16.0,9.0028,270.5351202,"['N90E', ' V', ' N00E']",73.4441887,200.0,0.06470703,1.344034652,0.004187,0.009386971,3.71e-05,21.82494129,4.588701953,271.0078436,BHE,BHZ,BHN,-,-,-,-,-,-,7.2,16/02/2018 23:39,C:\Users\huevo\Downloads\Archivos_Acc\TNLP1802-161,11.798937787719375,0.9543776022647892,1.0718429112301455
C366,"CIRES, A. C.",16/02/2018 23:39,16/02/2018 00:00,7.2,Mc,A,19.3728,-99.0983,16.21,-98.01,Arcilla,211.91898,16.0,20.17657,371.925016,"['N00E', ' +V', ' N90W']",228.192181,200.0,0.051527427,0.896591566,0.002655076,0.005720411,0.000293348,43.32672137,6.455228693,372.2690124,BHN,BHZ,BHE,-,-,-,-,-,-,7.322,16/02/2018 23:39,C:\Users\huevo\Downloads\Archivos_Acc\C36620180216233939,34.25993216560714,1.3048473384775179,1.5347864987307274
MIHL,INSTITUTO DE INGENIERIA UNAM,16/02/2018 23:39,16/02/2018 23:40,7.2,Mw,A,17.988778,-94.54387,16.218,-98.0135,Blando,300.62491,16.0,9.7233,433.1465154,"['N00E', ' N90E', ' V']",232.3580996,100.0,0.115347822,0.5,0.01330512,0.011531163,0.001231388,60.55237111,7.570353559,433.4419266,BHN,BHE,BHZ,-,-,-,-,-,-,7.2,16/02/2018 23:39,C:\Users\huevo\Downloads\Archivos_Acc\MIHL1802-161,11.897937183687947,0.987813685560019,1.0754716716952066
GDLP,INSTITUTO DE INGENIERIA UNAM,16/02/2018 23:39,16/02/2018 23:42,7.2,Mw,B,20.682533,-103.4422,16.218,-98.0135,Blando,345.23602,16.0,1.668,781.5574763,"['N00E', ' N90E', ' V']",19.93574026,100.0,0.02795603,0.537190083,0.00078154,0.00327934,0.001365231,32.96688994,5.366443154,781.7212347,BHN,BHE,BHZ,-,-,-,-,-,-,7.2,16/02/2018 23:39,C:\Users\huevo\Downloads\Archivos_Acc\GDLP1802-161,2.528380891462214,0.22219604630171988,0.4028424994361882
EX08,"CIRES, A. C.",16/02/2018 23:39,16/02/2018 17:37,7.2,Mc,A,19.4236,-99.1602,16.21,-98.01,Alto riesgo sismico,236.25122,16.0,32.38007,379.534606,"['N00E', ' +V', ' N90W']",519.9658202,100.0,0.173687187,0.540812224,0.030167239,0.018782198,0.000297964,42.49244109,6.057835811,379.8717115,BHN,BHZ,BHE,-,-,-,-,-,-,7.322,16/02/2018 23:39,C:\Users\huevo\Downloads\Archivos_Acc\EX0820180216233939,26.81215148376012,1.510277783286437,1.4283316644131427
EX09,"CIRES, A. C.",16/02/2018 23:39,16/02/2018 17:37,7.2,Mc,A,19.4236,-99.1602,16.21,-98.01,Alto riesgo sismico,236.25122,16.0,30.05158,379.534606,"['N00E', ' +V', ' N90W']",454.8134734,100.0,0.161698858,0.540812224,0.026146521,0.016466452,0.000224628,54.78336505,7.069285238,379.8717115,BHN,BHZ,BHE,-,-,-,-,-,-,7.322,16/02/2018 23:39,C:\Users\huevo\Downloads\Archivos_Acc\EX0920180216233939,26.81215148376012,1.477867310523203,1.4283316644131427
OXTO,INSTITUTO DE INGENIERIA UNAM,16/02/2018 23:39,16/02/2018 23:39,7.2,Mw,A,17.078389,-96.744158,16.218,-98.0135,Aluvial,491.28497,16.0,65.4838,170.5129267,"['N00E', ' N90E', ' V']",440.5773909,200.0,0.206424726,1.731147541,0.042611168,0.02413232,0.000166488,35.16195363,5.522495803,171.2619578,BHN,BHE,BHZ,-,-,-,-,-,-,7.2,16/02/2018 23:39,C:\Users\huevo\Downloads\Archivos_Acc\OXTO1802-162,61.12175723653451,1.8161338734147148,1.7861958316140982
URUA,INSTITUTO DE INGENIERIA UNAM,16/02/2018 23:39,16/02/2018 23:41,7.2,Mw,A,19.421758,-102.074059,16.218,-98.0135,Roca,514.78662,16.0,3.065,575.1283285,"['N90E', ' V', ' N00E']",36.61489018,100.0,0.041324759,0.684782609,0.001707736,0.00486338,0.000110617,41.60986871,6.267931917,575.3508445,BHE,BHZ,BHN,-,-,-,-,-,-,7.2,16/02/2018 23:39,C:\Users\huevo\Downloads\Archivos_Acc\URUA1802-161,2.330837790536843,0.48643047885443386,0.36751205081530236
OXPM,INSTITUTO DE INGENIERIA UNAM,16/02/2018 23:39,16/02/2018 23:39,7.2,Mw,A,17.061391,-96.716899,16.218,-98.0135,Suelo,318.38348,16.0,52.2094,171.9924401,"['N90E', ' V', ' N00E']",320.0543001,200.0,0.141883783,4.802631579,0.020131008,0.028271023,0.000523467,9.838706813,3.262082653,172.7350556,BHE,BHZ,BHN,-,-,-,-,-,-,7.2,16/02/2018 23:39,C:\Users\huevo\Downloads\Archivos_Acc\OXPM1802-161,49.822170137698386,1.7177487022475584,1.697422640468673
CHPA,INSTITUTO DE INGENIERIA UNAM,16/02/2018 23:39,16/02/2018 23:40,7.2,Mw,A,16.247374,-93.912575,16.218,-98.0135,No clasificado,478.65564,16.0,1.7232,456.0137494,"['N90E', ' N00E', ' V']",19.29576156,100.0,0.024350268,0.602409639,0.000592936,0.002906253,0.000120897,33.70152123,5.390923304,456.2943564,BHE,BHN,BHZ,-,-,-,-,-,-,7.2,16/02/2018 23:39,C:\Users\huevo\Downloads\Archivos_Acc\CHPA1802-162,5.126551881363445,0.2363356859539064,0.7098253568481149
OXPC,INSTITUTO DE INGENIERIA UNAM,16/02/2018 23:39,16/02/2018 23:39,7.2,Mw,A,17.051219,-96.722974,16.218,-98.0135,Blando,372.9541,16.0,75.8843,170.8104365,"['N00E', ' N90E', ' V']",427.7162573,200.0,0.644351796,1.611218857,0.415189237,0.075920673,0.006097752,35.64103559,5.655818995,171.5581686,BHN,BHE,BHZ,-,-,-,-,-,-,7.2,16/02/2018 23:39,C:\Users\huevo\Downloads\Archivos_Acc\OXPC1802-161,60.96444812507937,1.8801519323030904,1.7850766467452683
TOTO,INSTITUTO DE INGENIERIA UNAM,16/02/2018 23:39,16/02/2018 23:39,7.2,Mw,A,19.330241,-98.256828,16.218,-98.0135,Roca,590.98724,16.0,26.9538,347.1215046,"['N90E', ' V', ' N00E']",305.6463931,200.0,0.113360421,0.943113772,0.012850585,0.013071973,1.48e-05,39.64796884,6.202687081,347.4900559,BHE,BHZ,BHN,-,-,-,-,-,-,7.2,16/02/2018 23:39,C:\Users\huevo\Downloads\Archivos_Acc\TOTO1802-161,21.167893984109003,1.430620001533635,1.3256776517568918
VG09,"CIRES, A. C.",16/02/2018 23:39,16/02/2018 17:39,7.2,Mc,A,19.4539,-99.1225,16.21,-98.01,"Terreno blando, material compresible",203.77805,16.0,31.06599,381.3279737,"['N00E', ' +V', ' N90W']",510.3491266,100.0,0.32537683,0.546216871,0.105870082,0.032533954,0.000138286,58.16212043,7.270274409,381.6634952,BHN,BHZ,BHE,-,-,-,-,-,-,7.322,16/02/2018 23:39,C:\Users\huevo\Downloads\Archivos_Acc\VG0920180216233939,29.0801103258479,1.4922851981128629,1.4635960498422982
AGCA,INSTITUTO DE INGENIERIA UNAM,16/02/2018 23:39,16/02/2018 23:39,7.2,Mw,A,16.83733,-99.64526,16.218,-98.0135,Roca,274.22928,16.0,9.8293,194.0729085,"['N90E', ' V', ' N00E']",61.76094324,200.0,0.061465646,0.935251799,0.003778026,0.009404682,0.000243469,14.4798767,3.670782582,194.7313376,BHE,BHZ,BHN,-,-,-,-,-,-,7.2,16/02/2018 23:39,C:\Users\huevo\Downloads\Archivos_Acc\AGCA1802-161,14.291520652838503,0.992522590369056,1.155078441247284
EO30,CIRES,16/02/2018 23:39,16/02/2018 23:40,7.2,Mc,A,19.3885,-99.1772,16.21,-98.01,Transicion,296.44852,16.0,14.09871,376.5096661,"['N00E', ' +V', ' N90W']",171.2351662,100.0,0.103037171,0.575181159,0.010616659,0.017327604,0.000520517,19.96674912,4.56559817,376.8494775,BHN,BHZ,BHE,-,-,-,-,-,-,7.322,16/02/2018 23:39,C:\Users\huevo\Downloads\Archivos_Acc\EO3020180216233939,16.502232147239845,1.1491793775127408,1.2175426923147143
S260,"CIRES, A. C.",16/02/2018 23:39,16/02/2018 00:00,7.2,Mc,A,19.393,-99.147,16.21,-98.01,Alto riesgo sismico,232.70119,16.0,19.00899,375.8365141,"['N00E', ' +V', ' N90W']",250.5679985,200.0,0.075580863,1.017142857,0.005712467,0.009090921,0.000162593,40.24876384,6.283277886,376.1769336,BHN,BHZ,BHE,-,-,-,-,-,-,7.322,16/02/2018 23:39,C:\Users\huevo\Downloads\Archivos_Acc\S26020180216233939,25.5155279882557,1.2789590422163362,1.406804559539247
BA49,CIRES,16/02/2018 23:39,16/02/2018 23:40,7.2,Mc,A,19.4097,-99.145,16.21,-98.01,"Terreno blando, material compresible",206.64183,16.0,30.54416,377.5113606,"['S00E', ' +V', ' N90W']",886.9448576,100.0,0.203453417,0.432713111,0.041393293,0.019782894,0.000228378,65.82254841,7.879929968,377.8502711,BHN,BHZ,BHE,-,-,-,-,-,-,7.322,16/02/2018 23:39,C:\Users\huevo\Downloads\Archivos_Acc\BA4920180216233939,28.993138801290574,1.4849281860278232,1.462295234681988
IB22,CIRES,16/02/2018 23:39,16/02/2018 23:40,7.2,Mc,A,19.345,-99.1297,16.21,-98.01,Alto riesgo sismico,215.83322,16.0,27.47967,370.1631003,"['N00E', ' +V', ' N90W']",391.7982285,100.0,0.237325041,0.686149936,0.056323175,0.022599435,0.00052906,72.97318551,8.351178617,370.5087324,BHN,BHZ,BHE,-,-,-,-,-,-,7.322,16/02/2018 23:39,C:\Users\huevo\Downloads\Archivos_Acc\IB2220180216233939,35.83891812345591,1.43901151302945,1.554354891054125
IM40,"CIRES, A. C.",16/02/2018 23:39,16/02/2018 00:00,7.2,Mc,A,19.3428,-99.2032,16.21,-98.01,"Arenoso, limoso, compacto",415.6842,16.0,11.62263,372.7628434,"['N00E', ' +V', ' N90W']",113.7706205,200.0,0.035608789,0.791666667,0.001267986,0.004080453,0.000128595,40.27130577,6.165269972,373.1060672,BHN,BHZ,BHE,-,-,-,-,-,-,7.322,16/02/2018 23:39,C:\Users\huevo\Downloads\Archivos_Acc\IM4020180216233939,10.965613090338051,1.0653044124990827,1.0400329182121009
HMTT,INSTITUTO DE INGENIERIA UNAM,16/02/2018 23:39,16/02/2018 23:39,7.2,Mw,A,17.798341,-98.559717,16.218,-98.0135,Roca,853.57428,16.0,20.9167,185.926119,"['N00E', ' N90E', ' V']",135.5065318,100.0,0.066117376,1.871186441,0.004371507,0.010705693,0.000574514,11.18178223,3.240345041,186.6132946,BHN,BHE,BHZ,-,-,-,-,-,-,7.2,16/02/2018 23:39,C:\Users\huevo\Downloads\Archivos_Acc\HMTT1802-161,21.70783499441117,1.3204931675356217,1.3366165117608997
JA43,CIRES,16/02/2018 23:39,16/02/2018 23:40,7.2,Mc,A,19.4053,-99.125,16.21,-98.01,"Terreno blando, material compresible",204.74854,16.0,29.08235,376.3117409,"['S00E', ' +V', ' N90W']",533.7852398,100.0,0.295450666,0.442410374,0.087291096,0.028314136,0.000373537,68.13344425,7.943462188,376.6517308,BHN,BHZ,BHE,-,-,-,-,-,-,7.322,16/02/2018 23:39,C:\Users\huevo\Downloads\Archivos_Acc\JA4320180216233939,28.92807872671061,1.4636294967811159,1.4613195907134617
CS66,"CIRES, A. C.",16/02/2018 23:39,16/02/2018 00:00,7.2,Mc,A,19.3728,-99.0983,16.21,-98.01,Arcilla,211.91898,16.0,36.44847,371.925016,"['N00E', ' +V', ' N90W']",938.5557647,200.0,0.15041959,0.519930676,0.022626053,0.013784632,0.000113141,82.07934312,8.906576296,372.2690124,BHN,BHZ,BHE,-,-,-,-,-,-,7.322,16/02/2018 23:39,C:\Users\huevo\Downloads\Archivos_Acc\CS6620180216233939,34.25993216560714,1.561679302626466,1.5347864987307274
CO56,CIRES,16/02/2018 23:39,16/02/2018 23:39,7.2,Mc,A,19.4215,-99.159,16.21,-98.01,Alto riesgo sismico,236.25122,16.0,28.61378,379.2697925,"['N00E', ' +V', ' N90W']",671.6377825,100.0,0.284102766,0.545738046,0.080714382,0.027563684,0.000497576,64.34026773,7.689076299,379.6071331,BHN,BHZ,BHE,-,-,-,-,-,-,7.322,16/02/2018 23:39,C:\Users\huevo\Downloads\Archivos_Acc\CO5620180216233939,26.771476313305573,1.4565752337124112,1.427672321020463
JAMI,INSTITUTO DE INGENIERIA UNAM,16/02/2018 23:39,16/02/2018 23:38,7.2,Mw,A,16.284353,-97.820692,16.218,-98.0135,Roca,341.53195,16.0,564.1524,22.67330948,"['N90E', ' V', ' N00E']",1759.19203,200.0,1.618875111,8.718518519,2.620756625,0.377401085,0.063796631,0.825235178,1.340258782,27.75029663,BHE,BHZ,BHN,-,-,-,-,-,-,7.2,16/02/2018 23:39,C:\Users\huevo\Downloads\Archivos_Acc\JAMI1802-161,527.0439647716813,2.7513964400444,2.7218468445509587
SNJE,INSTITUTO DE INGENIERIA UNAM,16/02/2018 23:39,16/02/2018 23:40,7.2,Mw,A,18.535047,-101.323693,16.218,-98.0135,Roca,239.8848,16.0,3.5103,449.2892113,"['N00E', ' N90E', ' V']",24.54634178,200.0,0.031789715,0.675159236,0.001010586,0.00312058,2.33e-05,61.26523733,7.536683031,449.5740155,BHN,BHE,BHZ,-,-,-,-,-,-,7.2,16/02/2018 23:39,C:\Users\huevo\Downloads\Archivos_Acc\SNJE1802-161,11.771379795931603,0.5453442340661119,1.0708273721584476
SMLC,INSTITUTO DE INGENIERIA UNAM,16/02/2018 23:39,16/02/2018 23:39,7.2,Mw,A,16.654971,-96.729233,16.218,-98.0135,Roca,324.49927,16.0,23.3769,150.8438326,"['N90E', ' V', ' N00E']",121.8390872,200.0,0.08023867,0.99047619,0.006438244,0.011904409,0.000673085,17.42940035,3.989519521,151.6900189,BHE,BHZ,BHN,-,-,-,-,-,-,7.2,16/02/2018 23:39,C:\Users\huevo\Downloads\Archivos_Acc\SMLC1802-161,31.816005110693265,1.368786919051787,1.5026456477398584
HJ72,CIRES,16/02/2018 23:39,16/02/2018 16:58,7.2,Mc,A,19.4251,-99.1301,16.21,-98.01,Alto riesgo sismico,232.3896,16.0,24.59889,378.5773618,"['N00E', ' +V', ' N90W']",448.9462433,100.0,0.170137847,0.534274194,0.028946887,0.017809215,0.000337605,47.27877015,6.577723443,378.9153189,BHN,BHZ,BHE,-,-,-,-,-,-,7.322,16/02/2018 23:39,C:\Users\huevo\Downloads\Archivos_Acc\HJ7220180216233939,26.544549316705748,1.3909155104468287,1.4239753561254955
COMD,INSTITUTO DE INGENIERIA UNAM,16/02/2018 23:39,16/02/2018 23:40,7.2,Mw,A,18.122359,-100.523804,16.218,-98.0135,Roca,436.80292,16.0,4.2301,350.3647728,"['N90E', ' V', ' N00E']",40.79022131,200.0,0.039722441,1.049382716,0.001577872,0.004649013,4.51e-05,36.13748791,5.76880654,350.729916,BHE,BHZ,BHN,-,-,-,-,-,-,7.2,16/02/2018 23:39,C:\Users\huevo\Downloads\Archivos_Acc\COMD1802-161,8.898453607081874,0.6263506342627133,0.949314540547946
SLU2,INSTITUTO DE INGENIERIA UNAM,16/02/2018 23:39,16/02/2018 23:40,7.2,Mw,A,17.280802,-100.935496,16.218,-98.0135,Roca,318.23975,16.0,2.9391,345.7359198,"['N90E', ' V', ' N00E']",22.13717489,200.0,0.030282273,0.827067669,0.000917016,0.003314563,4.69e-05,41.75643004,6.128877643,346.1059466,BHE,BHZ,BHN,-,-,-,-,-,-,7.2,16/02/2018 23:39,C:\Users\huevo\Downloads\Archivos_Acc\SLU21802-161,8.968648139238443,0.46821436276854983,0.9527269859744623
SLPA,INSTITUTO DE INGENIERIA UNAM,16/02/2018 23:39,16/02/2018 23:41,7.2,Mw,A,19.928698,-99.833027,16.218,-98.0135,Roca,529.00757,16.0,2.1981,459.545345,"['N00E', ' N90E', ' V']",20.81754838,200.0,0.028476059,0.523809524,0.000810886,0.002904319,6.99e-05,54.49747703,7.11650607,459.8237968,BHN,BHE,BHZ,-,-,-,-,-,-,7.2,16/02/2018 23:39,C:\Users\huevo\Downloads\Archivos_Acc\SLPA1802-161,3.107109517905361,0.342047446258668,0.49235656132826666
VIGA,INSTITUTO DE INGENIERIA UNAM,16/02/2018 23:39,16/02/2018 23:38,7.2,Mw,B,16.758703,-99.233268,16.218,-98.0135,Roca,320.50287,16.0,36.2846,148.3606068,"['N90E', ' V', ' N00E']",179.4517146,200.0,0.065217968,0.855421687,0.004253383,0.015303686,0.000683674,3.441501155,2.170568116,149.2208754,BHE,BHZ,BHN,-,-,-,-,-,-,7.2,16/02/2018 23:39,C:\Users\huevo\Downloads\Archivos_Acc\VIGA1802-164,33.668898637753706,1.5597223397987021,1.5272289101698147
SJLL,INSTITUTO DE INGENIERIA UNAM,16/02/2018 23:39,16/02/2018 23:38,7.2,Mw,A,16.657822,-98.498463,16.218,-98.0135,Roca,317.31677,16.0,480.173,72.79935313,"['N00E', ' N90E', ' V']",1251.42803,200.0,0.509001654,5.358543417,0.259082684,0.081328657,0.02272945,15.25571067,3.860081022,74.53687554,BHN,BHE,BHZ,-,-,-,-,-,-,7.2,16/02/2018 23:39,C:\Users\huevo\Downloads\Archivos_Acc\SJLL1802-162,309.8141954026334,2.681397736144418,2.4911013128544104
BL45,CIRES,16/02/2018 23:39,16/02/2018 23:40,7.2,Mc,A,19.4253,-99.1481,16.21,-98.01,"Terreno blando, material compresible",217.90755,16.0,38.95574,379.2615192,"['S00E', ' +V', ' N90W']",457.6350344,100.0,0.184008433,0.521410579,0.033859103,0.020003667,0.000327263,42.94047266,6.331158867,379.5988672,BHN,BHZ,BHE,-,-,-,-,-,-,7.322,16/02/2018 23:39,C:\Users\huevo\Downloads\Archivos_Acc\BL4520180216233939,30.432396686665985,1.5905714585852317,1.4833361563281418
TEAC,INSTITUTO DE INGENIERIA UNAM,16/02/2018 23:39,16/02/2018 23:39,7.2,Mw,A,18.61763,-99.454086,16.218,-98.0135,Roca,442.72336,16.0,7.9735,311.2169421,"['N90E', ' V', ' N00E']",73.4852137,200.0,0.057718795,1.216346154,0.003331459,0.006574252,2.17e-05,42.61530224,6.296422452,311.6279593,BHE,BHZ,BHN,-,-,-,-,-,-,7.2,16/02/2018 23:39,C:\Users\huevo\Downloads\Archivos_Acc\TEAC1802-161,9.054515671014238,0.9016489985637454,0.9568652247183868
AO24,CIRES,16/02/2018 23:39,,7.2,Mc,A,19.358,-99.1539,16.21,-98.01,Transicion,251.39807,16.0,20.55794,372.4351373,"['N00E', ' +V', ' N90W']",265.5403545,100.0,0.174576934,0.979180221,0.030477106,0.017870013,0.000384289,59.46088503,7.51549369,372.7786629,BHN,BHZ,BHE,-,-,-,-,-,-,7.322,16/02/2018 23:39,C:\Users\huevo\Downloads\Archivos_Acc\AO2420180216233939,33.45103998601019,1.3129795942018823,1.5244096244405951
ACAD,INSTITUTO DE INGENIERIA UNAM,16/02/2018 23:39,16/02/2018 23:39,7.2,Mw,B,16.86225,-99.87147,16.218,-98.0135,Limo arenoso,421.18021,16.0,27.8657,218.6644921,"['N90E', ' V', ' N00E']",173.3706237,100.0,0.323519847,4.214814815,0.104665091,0.046127609,0.001517566,20.6279839,4.284898159,219.2490824,BHE,BHZ,BHN,-,-,-,-,-,-,7.2,16/02/2018 23:39,C:\Users\huevo\Downloads\Archivos_Acc\ACAD1802-161,40.256137975670015,1.4450699572188441,1.6048321079518468
SODO,INSTITUTO DE INGENIERIA UNAM,16/02/2018 23:39,16/02/2018 23:39,7.2,Mw,A,19.044324,-96.414773,16.218,-98.0135,Aluvial,292.61612,16.0,8.7577,361.0674986,"['N00E', ' N90E', ' V']",148.5078107,200.0,0.072262455,0.72962963,0.005221862,0.007394225,6.02e-05,55.57426723,7.178944792,361.4218291,BHN,BHE,BHZ,-,-,-,-,-,-,7.2,16/02/2018 23:39,C:\Users\huevo\Downloads\Archivos_Acc\SODO1802-161,16.56606220145147,0.9423900641061528,1.2192192876939454
SP51,CIRES,16/02/2018 23:39,16/02/2018 23:40,7.2,Mc,A,19.3656,-99.1189,16.21,-98.01,"Terreno blando, material compresible",203.67595,16.0,23.65642,371.9211903,"['S00E', ' +V', ' N90W']",519.7169261,100.0,0.187431497,0.555284949,0.035130566,0.018054548,0.000330321,66.0146302,7.850314498,372.2651901,BHN,BHZ,BHE,-,-,-,-,-,-,7.322,16/02/2018 23:39,C:\Users\huevo\Downloads\Archivos_Acc\SP5120180216233939,33.83715264378748,1.3739490221226933,1.5293938105396074
CU80,CIRES,16/02/2018 23:39,16/02/2018 23:39,7.2,Mc,A,19.2938,-99.1037,16.21,-98.01,Arcilla,180.0,16.0,44.83975,363.8301059,"['N00E', ' +V', ' N90W']",967.9130853,100.0,0.472559864,0.501557632,0.223312825,0.048918197,0.000297939,59.47060435,7.458564989,364.1817486,BHN,BHZ,BHE,-,-,-,-,-,-,7.322,16/02/2018 23:39,C:\Users\huevo\Downloads\Archivos_Acc\CU8020180216233939,38.63512150397878,1.6516631825597967,1.5869822824002409
XP06,CIRES,16/02/2018 23:39,16/02/2018 23:40,7.2,Mc,A,19.4198,-99.1353,16.21,-98.01,Alto riesgo sismico,208.14847,16.0,34.2733,378.2117878,"['N00E', ' +V', ' N90W']",601.6232323,100.0,0.431182482,0.463604853,0.185918333,0.041512067,0.000345374,66.80578442,7.868829205,378.5500712,BHN,BHZ,BHE,-,-,-,-,-,-,7.322,16/02/2018 23:39,C:\Users\huevo\Downloads\Archivos_Acc\XP0620180216233939,28.881969717231836,1.5349559224278737,1.4606268082935194
CUP5,INSTITUTO DE INGENIERIA UNAM,16/02/2018 23:39,16/02/2018 23:40,7.2,Mw,A,19.33024,-99.181076,16.218,-98.0135,Roca,367.31436,16.0,6.6804,369.6168771,"['N90E', ' V', ' N00E']",104.6308495,100.0,0.087495376,0.613207547,0.007655441,0.011185643,8.41e-05,28.81012009,5.128799696,369.9630196,BHE,BHZ,BHN,-,-,-,-,-,-,7.2,16/02/2018 23:39,C:\Users\huevo\Downloads\Archivos_Acc\CUP51802-161,9.074550504259117,0.8248024673545632,0.9578251220437264
TACY,INSTITUTO DE INGENIERIA UNAM,16/02/2018 23:39,16/02/2018 23:39,7.2,Mw,B,19.404505,-99.195246,16.218,-98.0135,Suelo duro,436.99353,16.0,8.7143,377.9047159,"['V', ' N00E', ' N90E']",117.0807416,200.0,0.076235362,0.963133641,0.00581183,0.009255552,0.000168255,38.64191568,6.114901367,378.243274,BHZ,BHN,BHE,-,-,-,-,-,-,7.2,16/02/2018 23:39,C:\Users\huevo\Downloads\Archivos_Acc\TACY1802-161,9.704140230362716,0.9402325069540937,0.9869570637068978
ATYC,INSTITUTO DE INGENIERIA UNAM,16/02/2018 23:39,16/02/2018 23:40,7.2,Mw,A,17.213361,-100.432269,16.218,-98.0135,Roca,333.58603,16.0,7.9548,290.8376996,"['N90E', ' V', ' N00E']",43.30942985,100.0,0.082533493,0.716535433,0.006811777,0.010651692,0.001488098,24.2059675,4.681618191,291.2774751,BHE,BHZ,BHN,-,-,-,-,-,-,7.2,16/02/2018 23:39,C:\Users\huevo\Downloads\Archivos_Acc\ATYC1802-161,11.266052094832862,0.9006292650651551,1.0517717551050962
VM29,"CIRES, A. C.",16/02/2018 23:39,16/02/2018 17:39,7.2,Mc,A,19.3811,-99.1253,16.21,-98.01,"Terreno blando, material compresible",192.19301,16.0,36.27208,373.7831835,"['N00E', ' +V', ' N90W']",819.3234076,100.0,0.514419832,0.476978113,0.264627764,0.048020372,0.00013853,74.24724941,8.353931811,374.1254713,BHN,BHZ,BHE,-,-,-,-,-,-,7.322,16/02/2018 23:39,C:\Users\huevo\Downloads\Archivos_Acc\VM2920180216233939,32.462632269946546,1.5595724606430574,1.5113837321865582
XO36,CIRES,16/02/2018 23:39,16/02/2018 23:40,7.2,Mc,A,19.2711,-99.1024,16.21,-98.01,Alto riesgo sismico,225.87505,16.0,60.92281,361.4035406,"['N00E', ' +V', ' N90W']",867.040133,100.0,0.243803121,0.434227331,0.059439962,0.023306753,0.000117013,69.00122014,8.067769164,361.757542,BHN,BHZ,BHE,-,-,-,-,-,-,7.322,16/02/2018 23:39,C:\Users\huevo\Downloads\Archivos_Acc\XO3620180216233939,45.27197585702801,1.784779926498372,1.6558294493235803
AR14,CIRES,16/02/2018 23:39,16/02/2018 23:40,7.2,Mc,A,19.4808,-99.076,16.21,-98.01,Arcilla,180.0,16.0,29.7554,382.5249074,"['N00E', ' +V', ' N90W']",456.043216,100.0,0.158514842,0.51853842,0.025126955,0.017745676,0.000433823,39.06322699,6.012557215,382.8593799,BHN,BHZ,BHE,-,-,-,-,-,-,7.322,16/02/2018 23:39,C:\Users\huevo\Downloads\Archivos_Acc\AR1420180216233939,29.32755872859937,1.4735657928338872,1.4672759131399615
CTCL,INSTITUTO DE INGENIERIA UNAM,16/02/2018 23:39,16/02/2018 23:40,7.2,Mw,A,19.434521,-99.133503,16.218,-98.0135,Monumento arqueologico,226.8056,16.0,16.3342,378.7230305,"['N00E', ' N90E', ' V']",278.0823883,100.0,0.159959693,0.539735099,0.025587104,0.015910737,7.74e-05,61.14749005,7.536608462,379.0608576,BHN,BHE,BHZ,-,-,-,-,-,-,7.2,16/02/2018 23:39,C:\Users\huevo\Downloads\Archivos_Acc\CTCL1802-161,17.37595585308543,1.2130978688944951,1.239948704502575
CT64,CIRES,16/02/2018 23:39,16/02/2018 23:40,7.2,Mc,A,19.4876,-99.1137,16.21,-98.01,"Arenoso, limoso, compacto",370.24307,16.0,3.35147,384.561112,"['N00E', ' +V', ' N90W']",40.77719411,100.0,0.028898875,0.647198106,0.000835145,0.003246749,0.000254015,43.85598484,6.348214923,384.893815,BHN,BHZ,BHE,-,-,-,-,-,-,7.322,16/02/2018 23:39,C:\Users\huevo\Downloads\Archivos_Acc\CT6420180216233939,6.715462093280281,0.525235336248686,0.8270759019871623
SXPU,INSTITUTO DE INGENIERIA UNAM,16/02/2018 23:39,39:49.9,7.2,Mw,A,19.039943,-98.215087,16.218,-98.0135,Travertino,364.50735,16.0,16.1767,314.5853541,"['V', ' N00E', ' N90E']",189.9988848,100.0,0.220953637,0.810810811,0.04882051,0.025289575,0.00082515,40.792221,6.072997391,314.9919761,BHZ,BHN,BHE,-,-,-,-,-,-,7.2,16/02/2018 23:39,C:\Users\huevo\Downloads\Archivos_Acc\SXPU1802-161,15.769660652941345,1.2088899314936954,1.1978223478539054
AU11,CIRES,16/02/2018 23:39,16/02/2018 23:40,7.2,Mc,A,19.3919,-99.0869,16.21,-98.01,"Terreno blando, material compresible",210.62404,16.0,21.65558,373.5256078,"['S00E', ' +V', ' N90W']",810.7864971,100.0,0.106730765,0.408861671,0.011391456,0.010597554,0.000323776,63.11816154,7.709824486,373.8681314,BHN,BHZ,BHE,-,-,-,-,-,-,7.322,16/02/2018 23:39,C:\Users\huevo\Downloads\Archivos_Acc\AU1120180216233939,31.74745501428442,1.3355698199026789,1.5017089164767228
AU46,CIRES,16/02/2018 23:39,16/02/2018 23:40,7.2,Mc,A,19.3832,-99.1681,16.21,-98.01,Transicion,287.5809,16.0,19.64343,375.6083927,"['N00E', ' +V', ' N90W']",257.7839167,100.0,0.238581656,1.118701964,0.056921207,0.026564699,0.000503289,44.9391572,6.526592815,375.9490187,BHN,BHZ,BHE,-,-,-,-,-,-,7.322,16/02/2018 23:39,C:\Users\huevo\Downloads\Archivos_Acc\AU4620180216233939,17.324459933339387,1.2932173235736857,1.238659704950431
SUCH,INSTITUTO DE INGENIERIA UNAM,16/02/2018 23:39,16/02/2018 23:40,7.2,Mw,A,17.226169,-100.638345,16.218,-98.0135,Roca,560.17114,16.0,4.4099,312.657829,"['N90E', ' V', ' N00E']",28.87433684,200.0,0.038601997,0.768115942,0.001490114,0.004263219,3.37e-05,43.26224128,6.358172593,313.0669545,BHE,BHZ,BHN,-,-,-,-,-,-,7.2,16/02/2018 23:39,C:\Users\huevo\Downloads\Archivos_Acc\SUCH1802-161,9.013707843731288,0.6444287414087467,0.9549034774190492
HUAM,INSTITUTO DE INGENIERIA UNAM,16/02/2018 23:39,16/02/2018 23:39,7.2,Mw,A,16.031121,-95.670297,16.218,-98.0135,Roca,533.6394,16.0,8.6311,261.379611,"['N90E', ' V', ' N00E']",61.32618403,200.0,0.043627395,0.858490566,0.00190335,0.005988084,6e-05,24.11938296,4.799439177,261.8688623,BHE,BHZ,BHN,-,-,-,-,-,-,7.2,16/02/2018 23:39,C:\Users\huevo\Downloads\Archivos_Acc\HUAM1802-162,14.490071453031401,0.9360661483787989,1.161070527057147
D170,"CIRES, A. C.",16/02/2018 23:39,16/02/2018 00:00,7.2,Mc,A,19.3428,-99.2032,16.21,-98.01,"Arenoso, limoso, compacto",415.6842,16.0,14.371,372.7628434,"['N00E', ' +V', ' N90W']",149.6687309,200.0,0.045936704,0.822222222,0.002110181,0.005483958,4.51e-05,35.22312174,5.79975172,373.1060672,BHN,BHZ,BHE,-,-,-,-,-,-,7.322,16/02/2018 23:39,C:\Users\huevo\Downloads\Archivos_Acc\D17020180216233939,10.965613090338051,1.1574869893848487,1.0400329182121009
D270,"CIRES, A. C.",16/02/2018 23:39,16/02/2018 00:00,7.2,Mc,A,19.3428,-99.2032,16.21,-98.01,"Arenoso, limoso, compacto",415.6842,16.0,10.32231,372.7628434,"['N00E', ' +V', ' N90W']",136.497794,200.0,0.045449115,0.691666667,0.002065622,0.00469773,0.000138863,56.55286654,7.334681347,373.1060672,BHN,BHZ,BHE,-,-,-,-,-,-,7.322,16/02/2018 23:39,C:\Users\huevo\Downloads\Archivos_Acc\D27020180216233939,10.965613090338051,1.0137768976779113,1.0400329182121009
CS78,CIRES,16/02/2018 23:39,16/02/2018 23:40,7.2,Mc,A,19.3656,-99.2262,16.21,-98.01,"Arenoso, limoso, compacto",453.53766,16.0,9.45015,376.0452901,"['N00E', ' +V', ' N90W']",129.9248731,100.0,0.075242752,0.513489991,0.005661472,0.01215664,0.000347454,13.85359537,3.719758894,376.3855207,BHN,BHZ,BHE,-,-,-,-,-,-,7.322,16/02/2018 23:39,C:\Users\huevo\Downloads\Archivos_Acc\CS7820180216233939,11.341932566373186,0.9754387020177575,1.0546870608534291
SS60,"CIRES, A. C.",16/02/2018 23:39,16/02/2018 00:00,7.2,Mc,A,19.393,-99.147,16.21,-98.01,Alto riesgo sismico,232.70119,16.0,23.58412,375.8365141,"['N00E', ' +V', ' N90W']",444.945189,200.0,0.149620113,0.711428571,0.022386178,0.014828969,0.000103444,67.91453973,8.067364985,376.1769336,BHN,BHZ,BHE,-,-,-,-,-,-,7.322,16/02/2018 23:39,C:\Users\huevo\Downloads\Archivos_Acc\SS6020180216233939,25.5155279882557,1.3726196759485148,1.406804559539247
BO39,"CIRES, A. C.",16/02/2018 23:39,16/02/2018 17:39,7.2,Mc,A,19.4653,-99.1047,16.21,-98.01,"Terreno blando, material compresible",212.88611,16.0,25.61797,381.8917847,"['N00E', ' +V', ' N90W']",637.8000932,100.0,0.359953071,0.473131515,0.129566213,0.035229971,0.000139433,65.92401687,7.839145653,382.2268112,BHN,BHZ,BHE,-,-,-,-,-,-,7.322,16/02/2018 23:39,C:\Users\huevo\Downloads\Archivos_Acc\BO3920180216233939,29.350386697349805,1.4085447127338981,1.4676138275399828
ACAC,INSTITUTO DE INGENIERIA UNAM,16/02/2018 23:39,39:37.1,7.2,Mw,A,16.84851,-99.85157,16.218,-98.0135,Arcilla,561.67432,16.0,43.4166,216.0744936,"['V', ' N00E', ' N90E']",302.1442317,200.0,0.447997792,1.914893617,0.200702022,0.046801879,0.000687138,53.94039212,7.072493842,216.6660721,BHZ,BHN,BHE,-,-,-,-,-,-,7.2,16/02/2018 23:39,C:\Users\huevo\Downloads\Archivos_Acc\ACAC1802-161,36.58654622232386,1.6376558103884595,1.563321413930927
CP28,CIRES,16/02/2018 23:39,16/02/2018 23:40,7.2,Mc,A,19.4385,-99.0839,16.21,-98.01,"Arenoso, limoso, compacto",202.7755,16.0,13.25263,378.3320297,"['N00E', ' +V', ' N90W']",129.5263594,100.0,0.096910027,1.355394379,0.009391553,0.014845107,0.000420365,17.55497557,4.145265106,378.6702057,BHN,BHZ,BHE,-,-,-,-,-,-,7.322,16/02/2018 23:39,C:\Users\huevo\Downloads\Archivos_Acc\CP2820180216233939,19.84073443778551,1.122302073076222,1.2975577442483017
TGBT,INSTITUTO DE INGENIERIA UNAM,16/02/2018 23:39,16/02/2018 23:41,7.2,Mw,A,16.776805,-93.089492,16.218,-98.0135,Roca,531.28314,16.0,2.7014,551.0392183,"['N00E', ' N90E', ' V']",24.63616422,100.0,0.050515388,0.358778626,0.002551804,0.005655784,0.000111856,39.96091477,6.157003866,551.2714578,BHN,BHE,BHZ,-,-,-,-,-,-,7.2,16/02/2018 23:39,C:\Users\huevo\Downloads\Archivos_Acc\TGBT1802-161,2.3894551472196386,0.4315888955279954,0.37829888273384465
SCCB,INSTITUTO DE INGENIERIA UNAM,16/02/2018 23:39,16/02/2018 23:41,7.2,Mw,A,16.70858,-92.625515,16.218,-98.0135,Roca,474.86072,16.0,2.7799,601.5948767,"['N00E', ' N90E', ' V']",34.08067611,200.0,0.031886109,0.535135135,0.001016724,0.002914735,4.69e-05,82.54460061,8.917077506,601.8076069,BHN,BHE,BHZ,-,-,-,-,-,-,7.2,16/02/2018 23:39,C:\Users\huevo\Downloads\Archivos_Acc\SCCB1802-161,2.330837790536843,0.44402917353343085,0.36751205081530236
COMA,INSTITUTO DE INGENIERIA UNAM,16/02/2018 23:39,16/02/2018 23:42,7.2,Mw,A,19.325266,-103.760813,16.218,-98.0135,Roca,430.89362,16.0,3.5671,726.4927848,"['N00E', ' N90E', ' V']",33.75326398,100.0,0.070721611,0.557377049,0.005001546,0.007077191,0.000592236,60.31346538,7.531150279,726.6689524,BHN,BHE,BHZ,-,-,-,-,-,-,7.2,16/02/2018 23:39,C:\Users\huevo\Downloads\Archivos_Acc\COMA1802-161,2.283006497492151,0.5523152845106093,0.3585071475046776
TEJU,INSTITUTO DE INGENIERIA UNAM,16/02/2018 23:39,16/02/2018 23:40,7.2,Mw,A,18.904051,-100.159615,16.218,-98.0135,Roca,480.46762,16.0,4.0521,382.3016677,"['N00E', ' N90E', ' V']",29.02329033,100.0,0.045851897,0.7265625,0.002102396,0.006255929,0.00013891,22.48784613,4.535096056,382.6363353,BHN,BHE,BHZ,-,-,-,-,-,-,7.2,16/02/2018 23:39,C:\Users\huevo\Downloads\Archivos_Acc\TEJU1802-161,5.635978325322066,0.6076801545836766,0.7509693142437197
JC54,CIRES,16/02/2018 23:39,16/02/2018 23:40,7.2,Mc,A,19.313,-99.1272,16.21,-98.01,Arcilla,234.44522,16.0,26.68789,366.7198686,"['N00E', ' +V', ' N90W']",400.6024644,100.0,0.233480322,0.938086304,0.054513061,0.02416215,0.001038643,55.56413089,7.222167297,367.0687429,BHN,BHZ,BHE,-,-,-,-,-,-,7.322,16/02/2018 23:39,C:\Users\huevo\Downloads\Archivos_Acc\JC5420180216233939,37.3728744477882,1.426314238921244,1.5725565018850798
LANE,INSTITUTO DE INGENIERIA UNAM,16/02/2018 23:39,16/02/2018 23:39,7.2,Mw,A,15.947684,-97.187204,16.218,-98.0135,Roca,686.479,16.0,61.3799,96.6715551,"['N00E', ' N90E', ' V']",163.115979,200.0,0.118171897,1.738916256,0.013964597,0.021822822,0.000144104,10.10923952,3.297337289,97.98668056,BHN,BHE,BHZ,-,-,-,-,-,-,7.2,16/02/2018 23:39,C:\Users\huevo\Downloads\Archivos_Acc\LANE1802-161,87.75413359595237,1.7880261765447518,1.9432675827518915
DX37,"CIRES, A. C.",16/02/2018 23:39,16/02/2018 17:39,7.2,Mc,A,19.3322,-99.1439,16.21,-98.01,"Terreno blando, material compresible",257.81821,16.0,27.2938,369.3590505,"['N00E', ' +V', ' N90W']",288.7901063,100.0,0.222416127,0.988575605,0.049468934,0.022822405,0.000139601,58.13115622,7.431281823,369.7054343,BHN,BHZ,BHE,-,-,-,-,-,-,7.322,16/02/2018 23:39,C:\Users\huevo\Downloads\Archivos_Acc\DX3720180216233939,35.43277658733098,1.436064004857967,1.5494051859010123
C266,"CIRES, A. C.",16/02/2018 23:39,16/02/2018 00:00,7.2,Mc,A,19.3728,-99.0983,16.21,-98.01,Arcilla,211.91898,16.0,31.469,371.925016,"['N00E', ' +V', ' N90W']",396.7338302,200.0,0.085269897,0.885037551,0.007270955,0.009072734,4.67e-05,54.20789837,7.232978599,372.2690124,BHN,BHZ,BHE,-,-,-,-,-,-,7.322,16/02/2018 23:39,C:\Users\huevo\Downloads\Archivos_Acc\C26620180216233939,34.25993216560714,1.4978829424244315,1.5347864987307274
XALA,INSTITUTO DE INGENIERIA UNAM,16/02/2018 23:39,16/02/2018 23:39,7.2,Mw,A,19.529875,-96.901973,16.218,-98.0135,Roca,470.97733,16.0,5.902,388.4509761,"['V', ' N00E', ' N90E']",103.3333543,100.0,0.040194315,0.706231454,0.001615583,0.00558289,6.07e-05,21.35623282,4.447245981,388.7803504,BHZ,BHN,BHE,-,-,-,-,-,-,7.2,16/02/2018 23:39,C:\Users\huevo\Downloads\Archivos_Acc\XALA1802-161,6.110581335812685,0.7709992051639407,0.7860825292156595
SCRU,INSTITUTO DE INGENIERIA UNAM,16/02/2018 23:39,16/02/2018 23:40,7.2,Mw,A,16.187519,-95.209239,16.218,-98.0135,Roca,530.66547,16.0,6.6795,311.8380141,"['N00E', ' N90E', ' V']",50.94043207,200.0,0.064656356,0.855172414,0.004180444,0.00765874,0.000225619,33.75830335,5.639050398,312.2482138,BHN,BHE,BHZ,-,-,-,-,-,-,7.2,16/02/2018 23:39,C:\Users\huevo\Downloads\Archivos_Acc\SCRU1802-1643,8.530290654638673,0.8247439541869042,0.9309638292396406
SAPP,"BENEMERITA UNIVERSIDAD AUTONOMA DE PUEBLA, FACULTAD",16/02/2018 23:39,16/02/2018 23:41,7.2,Mw,B,19.057785,-98.215377,16.218,-98.0135,Depositos lacustres,296.51367,16.0,40.8846,316.5665677,"['V', ' N90E', ' N00E']",216.0152747,100.0,0.749577346,1.955708944,0.561866198,0.107551382,0.002464105,21.09110911,4.577886966,316.9706482,BHZ,BHE,BHN,-,-,-,-,-,-,7.2,16/02/2018 23:39,C:\Users\huevo\Downloads\Archivos_Acc\SAPP1802-161,35.27948480766454,1.6115597531302535,1.5475222344296773
DR16,CIRES,16/02/2018 23:39,16/02/2018 23:40,7.2,Mc,A,19.5005,-99.1829,16.21,-98.01,Transicion,229.78658,16.0,19.12977,388.4362764,"['N00E', ' +V', ' N90W']",210.1711156,100.0,0.116937411,1.764300482,0.013674358,0.016126108,0.000365114,26.08329833,5.122172771,388.7656631,BHN,BHZ,BHE,-,-,-,-,-,-,7.322,16/02/2018 23:39,C:\Users\huevo\Downloads\Archivos_Acc\DR1620180216233939,21.698099460002062,1.2817097484731235,1.336421695591346
C166,"CIRES, A. C.",16/02/2018 23:39,16/02/2018 00:00,7.2,Mc,A,19.3728,-99.0983,16.21,-98.01,Arcilla,211.91898,16.0,43.28468,371.925016,"['N00E', ' +V', ' N90W']",1206.367397,200.0,0.188857891,0.44598498,0.035667303,0.016665692,0.000652494,91.93241706,9.456770323,372.2690124,BHN,BHZ,BHE,-,-,-,-,-,-,7.322,16/02/2018 23:39,C:\Users\huevo\Downloads\Archivos_Acc\C16620180216233939,34.25993216560714,1.636334211162586,1.5347864987307274
S360,"CIRES, A. C.",16/02/2018 23:39,16/02/2018 00:00,7.2,Mc,A,19.393,-99.147,16.21,-98.01,Alto riesgo sismico,232.70119,16.0,12.39203,375.8365141,"['N00E', ' +V', ' N90W']",171.4837063,200.0,0.061958267,0.794285714,0.003838827,0.006223977,0.000184791,57.42110644,7.332431469,376.1769336,BHN,BHZ,BHE,-,-,-,-,-,-,7.322,16/02/2018 23:39,C:\Users\huevo\Downloads\Archivos_Acc\S36020180216233939,25.5155279882557,1.0931424561406498,1.406804559539247
AL01,"CIRES, A. C.",16/02/2018 23:39,16/02/2018 17:39,7.2,Mc,A,19.4356,-99.1453,16.21,-98.01,"Terreno blando, material compresible",198.69783,16.0,28.93406,380.2378977,"['N00E', ' +V', ' N90W']",410.3767523,100.0,0.167045369,0.624910897,0.027904155,0.017791787,0.000293918,50.71782086,6.849965195,380.5743801,BHN,BHZ,BHE,-,-,-,-,-,-,7.322,16/02/2018 23:39,C:\Users\huevo\Downloads\Archivos_Acc\AL0120180216233939,29.334164878516617,1.461409377715835,1.4673737286929798
SCT2,INSTITUTO DE INGENIERIA UNAM,16/02/2018 23:39,16/02/2018 23:40,7.2,Mw,A,19.394694,-99.148678,16.218,-98.0135,Arcilla,232.70119,16.0,22.453,375.1080338,"['N90E', ' V', ' N00E']",441.7728845,100.0,0.289241411,0.588235294,0.083660594,0.028137626,0.000658628,65.04495387,7.77647759,375.4491138,BHE,BHZ,BHN,-,-,-,-,-,-,7.2,16/02/2018 23:39,C:\Users\huevo\Downloads\Archivos_Acc\SCT21802-161,20.78003113513777,1.3512743763594364,1.317646193933786
DM12,CIRES,16/02/2018 23:39,,7.2,Mc,A,19.4312,-99.0963,16.21,-98.01,Arcilla,189.02719,16.0,42.38532,378.0002309,"['N00E', ' +V', ' N90W']",637.5798565,100.0,0.185330948,0.552238806,0.03434756,0.019621139,0.000416301,51.25772456,6.949799995,378.3387035,BHN,BHZ,BHE,-,-,-,-,-,-,7.322,16/02/2018 23:39,C:\Users\huevo\Downloads\Archivos_Acc\DM1220180216233939,29.35204903437745,1.6272154663351255,1.4676384242637597
